cell,x_cm,g1,g2,g3,g4,g5,g6,g7
1,0.53333332141240440E-1,0.31273904181668200E+20,0.83460576077043433E+20,0.33621379465984057E+20,0.99116842275249275E+19,0.46392609254694185E+19,0.23114467546657162E+19,0.17112859639830971E+19
2,0.15999999642372131,0.31293402217335890E+20,0.83564289161401942E+20,0.33568488340619022E+20,0.98576160758033060E+19,0.45899497141747476E+19,0.22241207157537155E+19,0.15871233116669135E+19
3,0.26666666070620221,0.31332410444921160E+20,0.83771875154709266E+20,0.33462173193732493E+20,0.97491833733455626E+19,0.44912047898874368E+19,0.20493326769900695E+19,0.13414703967269727E+19
4,0.37222221493721008,0.31394635054213411E+20,0.84052217265059201E+20,0.33315017181515756E+20,0.95845072252125082E+19,0.43661126357762652E+19,0.18236937819629053E+19,0.10967640148974861E+19
5,0.47666665911674500,0.31446374504014344E+20,0.84261678649229951E+20,0.33200331416726725E+20,0.94431618124402913E+19,0.42790094728948716E+19,0.16705684865677642E+19,0.99236920496148851E+18
6,0.58111110329627991,0.31485069499237806E+20,0.84433112263218151E+20,0.33104387266325991E+20,0.93260512758437130E+19,0.42062730141724242E+19,0.15500010569014362E+19,0.90901995730924045E+18
7,0.68555554747581482,0.31511612047840215E+20,0.84567645892375265E+20,0.33027120649934868E+20,0.92328596371480678E+19,0.41476587941653806E+19,0.14595851758555141E+19,0.84494104890220928E+18
8,0.78999999165534973,0.31526680723383697E+20,0.84666140249640731E+20,0.32968479996999016E+20,0.91633355018902364E+19,0.41029694411903713E+19,0.13975177534316677E+19,0.79876681155674086E+18
9,0.89444443583488464,0.31530753667406361E+20,0.84729205202361516E+20,0.32928426210960368E+20,0.91172913737080494E+19,0.40720540660784727E+19,0.13625627470912241E+19,0.76951197872686797E+18
10,0.99888888001441956,0.31524117727806034E+20,0.84757211176184922E+20,0.32906932642134495E+20,0.90946031429642404E+19,0.40548077888622643E+19,0.13540263773216148E+19,0.75655062784992691E+18
11,1.1033333241939545,0.31506873920189854E+20,0.84750295969810022E+20,0.32903985069257269E+20,0.90952097483067464E+19,0.40511714027263488E+19,0.13717432411620009E+19,0.75960276757045965E+18
12,1.2077777683734894,0.31478939324056285E+20,0.84708367120483615E+20,0.32919581689678619E+20,0.91191130102400051E+19,0.40611311745981558E+19,0.14160730455335457E+19,0.77872828204505587E+18
13,1.3133333226044974,0.31442218261526692E+20,0.84621341026261631E+20,0.32957225412011090E+20,0.91660115172275241E+19,0.40901264723500206E+19,0.15019512366347180E+19,0.84696654558347981E+18
14,1.4199999868869781,0.31427272980427506E+20,0.84630137696985301E+20,0.32939150352873800E+20,0.91540988460398561E+19,0.40753379849226552E+19,0.15143644201538079E+19,0.85363907803281408E+18
15,1.5266666511694593,0.31431921354343420E+20,0.84744556056355717E+20,0.32861752163723231E+20,0.90837047478051236E+19,0.40112763375666422E+19,0.14398847121123021E+19,0.76570244576004544E+18
16,1.6322222054004671,0.31457691093189411E+20,0.84942592197906219E+20,0.32736014140449788E+20,0.89534650755518515E+19,0.39156247145314519E+19,0.13014792453394076E+19,0.64404871024267302E+18
17,1.7366666495800021,0.31475146804896010E+20,0.85084560806251086E+20,0.32640374987945116E+20,0.88451256032039936E+19,0.38509400219903831E+19,0.12109589700030195E+19,0.59415702908262157E+18
18,1.8411110937595370,0.31483387932078125E+20,0.85193468126923719E+20,0.32563106201997918E+20,0.87594110780442870E+19,0.37991653237299272E+19,0.11438834493214053E+19,0.55678471559228563E+18
19,1.9455555379390719,0.31482881243537367E+20,0.85269915976695562E+20,0.32504156578998202E+20,0.86960905723240653E+19,0.37601260793343068E+19,0.10989144026039981E+19,0.53114080329541056E+18
20,2.0499999821186066,0.31473944722632458E+20,0.85314319765869822E+20,0.32463487178007777E+20,0.86549935857308314E+19,0.37336903439392297E+19,0.10751558683885627E+19,0.51668214470530586E+18
21,2.1544444262981415,0.31456753461711704E+20,0.85326915847300727E+20,0.32441071293963338E+20,0.86360095805124055E+19,0.37197683476569390E+19,0.10721361986239380E+19,0.51310188550487053E+18
22,2.2588888704776764,0.31431342870110806E+20,0.85307765515000775E+20,0.32436894439319331E+20,0.86390876801782426E+19,0.37183122035211786E+19,0.10897985909228794E+19,0.52032293967110221E+18
23,2.3633333146572113,0.31397609260541559E+20,0.85256755733370716E+20,0.32450954334110994E+20,0.86642365309540475E+19,0.37293157433089736E+19,0.11284999685483610E+19,0.53849632658458797E+18
24,2.4677777588367462,0.31355307825519378E+20,0.85173596611602170E+20,0.32483260904429736E+20,0.87115243256111933E+19,0.37528144807094282E+19,0.11890181858904783E+19,0.56800433421174765E+18
25,2.5733333130677538,0.31306911598096892E+20,0.85043192442712130E+20,0.32539008081874940E+20,0.87805402086659359E+19,0.37971553829231447E+19,0.12889012027396160E+19,0.64748360785709005E+18
26,2.6799999773502350,0.31280897620713431E+20,0.85004739786236002E+20,0.32537548799440626E+20,0.87886472046561812E+19,0.38005275504274150E+19,0.13211986059161556E+19,0.68012901466503718E+18
27,2.7866666416327153,0.31274386039128723E+20,0.85072832532351156E+20,0.32473805082241229E+20,0.87364708743812772E+19,0.37546255124285501E+19,0.12700629268993475E+19,0.62682967926548890E+18
28,2.8922221958637233,0.31288189556535628E+20,0.85229983986917196E+20,0.32358025219128545E+20,0.86228958315046820E+19,0.36743331778867743E+19,0.11546158800412032E+19,0.53397782820409901E+18
29,2.9966666400432582,0.31294176085490516E+20,0.85337371023625241E+20,0.32271174950185939E+20,0.85304645591984835E+19,0.36213171251445463E+19,0.10804095242327690E+19,0.49676293988250086E+18
30,3.1011110842227931,0.31292025214328386E+20,0.85413257895095976E+20,0.32202455923446055E+20,0.84598148341817375E+19,0.35804245554295736E+19,0.10270824850696714E+19,0.46998908117836659E+18
31,3.2055555284023280,0.31282095221161460E+20,0.85458113300903739E+20,0.32151823082570011E+20,0.84107565558492539E+19,0.35515178910870799E+19,0.99356992736115981E+18,0.45309162734960467E+18
32,3.3099999725818630,0.31264612952350085E+20,0.85472241156499227E+20,0.32119243474413715E+20,0.83831578656908759E+19,0.35344996359540398E+19,0.97920350301254886E+18,0.44571417868200941E+18
33,3.4144444167613979,0.31239678007570330E+20,0.85455785810736169E+20,0.32104696226395587E+20,0.83769447878963395E+19,0.35293120653625370E+19,0.98369790606223334E+18,0.44770102851173331E+18
34,3.5188888609409328,0.31207264552983192E+20,0.85408734306092564E+20,0.32108172532165784E+20,0.83921010278538086E+19,0.35359370378916449E+19,0.10071451383036746E+19,0.45909387002164947E+18
35,3.6233333051204677,0.31167220798889509E+20,0.85330915727063958E+20,0.32129675645563949E+20,0.84286679279911987E+19,0.35543959284394107E+19,0.10500163700350807E+19,0.48013267204472826E+18
36,3.7277777493000026,0.31119266130985112E+20,0.85221997623104684E+20,0.32169220882861167E+20,0.84867445808399626E+19,0.35847496823067520E+19,0.11131714334860436E+19,0.51126074229913619E+18
37,3.8333333035310106,0.31066129939101811E+20,0.85063732005675172E+20,0.32232727264932868E+20,0.85658703941329398E+19,0.36368079847064079E+19,0.12144354713568527E+19,0.59152418923620928E+18
38,3.9399999678134909,0.31035506346179736E+20,0.84994716188109505E+20,0.32238184464354578E+20,0.85832675620261816E+19,0.36493789840906332E+19,0.12510220030655301E+19,0.62922593948220646E+18
39,4.0466666320959721,0.31024232157354758E+20,0.85032619444756759E+20,0.32179908880075346E+20,0.85397013787148063E+19,0.36127507457498660E+19,0.12067032613467768E+19,0.58468778905752640E+18
40,4.1522221863269797,0.31032807767951970E+20,0.85162918272056082E+20,0.32067904615718027E+20,0.84341799276355584E+19,0.35403724861599109E+19,0.10991887204796445E+19,0.50009420130351840E+18
41,4.2566666305065146,0.31033688021098443E+20,0.85247234293502902E+20,0.31984298347827106E+20,0.83493626525646234E+19,0.34933353129876925E+19,0.10305357042651845E+19,0.46646843443210886E+18
42,4.3611110746860495,0.31026820101215527E+20,0.85300769605647991E+20,0.31918644611767624E+20,0.82858451446755973E+19,0.34579828669303598E+19,0.98179024893052442E+18,0.44264079676155149E+18
43,4.4655555188655844,0.31012527364185952E+20,0.85323950425917719E+20,0.31870900845430845E+20,0.82434566791982705E+19,0.34341965312906491E+19,0.95197831705874496E+18,0.42810929082120902E+18
44,4.5699999630451194,0.30991007921759789E+20,0.85317045901246874E+20,0.31841036469444112E+20,0.82220835163815393E+19,0.34218963481448530E+19,0.94050473991159526E+18,0.42256780116623827E+18
45,4.6744444072246543,0.30962338315992814E+20,0.85280172690071519E+20,0.31829032866193449E+20,0.82216685915734897E+19,0.34210407664611661E+19,0.94714123981516518E+18,0.42589963321504595E+18
46,4.7788888514041892,0.30926474933477609E+20,0.85213296726518923E+20,0.31834883367054914E+20,0.82422113598964992E+19,0.34316265078380774E+19,0.97202183869188570E+18,0.43817505071923066E+18
47,4.8833332955837241,0.30883253187732361E+20,0.85116232202243260E+20,0.31858593247822139E+20,0.82837677950927442E+19,0.34536885495780209E+19,0.10156455602419493E+19,0.45965275981391398E+18
48,4.9877777397632590,0.30832384452961968E+20,0.84988637744913105E+20,0.31900179732329234E+20,0.83464505425373911E+19,0.34873002249294188E+19,0.10788864802255130E+19,0.49078537104277171E+18
49,5.0933332939942666,0.30776743025562792E+20,0.84809975017898541E+20,0.31965755629545894E+20,0.84297787151003566E+19,0.35429527696023014E+19,0.11794572989125330E+19,0.57022504964503942E+18
50,5.1999999582767487,0.30743582012270535E+20,0.84718269974221767E+20,0.31972824509835084E+20,0.84512050865697884E+19,0.35599556482308465E+19,0.12169852159825682E+19,0.60876309188660429E+18
51,5.3066666225592289,0.30729588399861383E+20,0.84733441432121737E+20,0.31915578159088202E+20,0.84115604625924690E+19,0.35279477520577085E+19,0.11752651738090947E+19,0.56705335925635379E+18
52,5.4122221767902374,0.30735078305056612E+20,0.84843228500768735E+20,0.31804041883290468E+20,0.83099174585727498E+19,0.34596435575832468E+19,0.10713514583759981E+19,0.48564433579888243E+18
53,5.5166666209697723,0.30732889362417783E+20,0.84909823513786073E+20,0.31720701982739132E+20,0.82286815997194168E+19,0.34156446199953408E+19,0.10051697364036115E+19,0.45337486072469139E+18
54,5.6211110651493073,0.30723133730599338E+20,0.84946107167022285E+20,0.31655157029943751E+20,0.81684279906578012E+19,0.33830648320249661E+19,0.95840390007175360E+18,0.43062711430668179E+18
55,5.7255555093288422,0.30706120434300039E+20,0.84952488502878831E+20,0.31607364976049213E+20,0.81289948361681490E+19,0.33617951059665147E+19,0.93011910034121293E+18,0.41692193847977120E+18
56,5.8299999535083771,0.30682036276694094E+20,0.84929223274853597E+20,0.31577295647804690E+20,0.81102764889815224E+19,0.33517641441550136E+19,0.91975030570619533E+18,0.41197068970654086E+18
57,5.9344443976879120,0.30650949317267857E+20,0.84876418285054018E+20,0.31564930726901907E+20,0.81122231619863347E+19,0.33529382160935711E+19,0.92709092938443955E+18,0.41566914806920454E+18
58,6.0388888418674469,0.30612810144034202E+20,0.84794032972041519E+20,0.31570263737443664E+20,0.81348407928048404E+19,0.33653210506080195E+19,0.95228867277506022E+18,0.42809531902860550E+18
59,6.1433332860469818,0.30567450965660611E+20,0.84681878280923283E+20,0.31593300041529713E+20,0.81781910603694049E+19,0.33889538428193101E+19,0.99584850143712051E+18,0.44951108140687949E+18
60,6.2477777302265167,0.30514582504953618E+20,0.84539612792484970E+20,0.31634056842960388E+20,0.82423915535442330E+19,0.34239153758400589E+19,0.10586428135473678E+19,0.48036771646550048E+18
61,6.3533332844575252,0.30457184884381921E+20,0.84344901722326794E+20,0.31698546005483590E+20,0.83269559299375114E+19,0.34809614903988628E+19,0.11582110245824136E+19,0.55885691311169382E+18
62,6.4599999487400055,0.30422172361190220E+20,0.84235002961670980E+20,0.31704329857850393E+20,0.83497995097071135E+19,0.34998981123000499E+19,0.11958013595293888E+19,0.59731614857235456E+18
63,6.5666666130224876,0.30406126852744798E+20,0.84231604397304988E+20,0.31645742306105037E+20,0.83117826715498609E+19,0.34701177880243492E+19,0.11553285619976481E+19,0.55683745458211968E+18
64,6.6722221672534952,0.30409221465515139E+20,0.84324327700588823E+20,0.31532965733195903E+20,0.82120149205719706E+19,0.34039517638992799E+19,0.10534789369914239E+19,0.47710949131820845E+18
65,6.7766666114330301,0.30404613989808800E+20,0.84376169591528686E+20,0.31448343082323620E+20,0.81324141500871967E+19,0.33615028522529536E+19,0.98867739887514202E+18,0.44553737112711014E+18
66,6.8811110556125650,0.30392548987334877E+20,0.84398086327318970E+20,0.31381357431889048E+20,0.80735453637256428E+19,0.33302890528321618E+19,0.94297280679118054E+18,0.42332203707365933E+18
67,6.9855554997920999,0.30373328240945611E+20,0.84390478611098649E+20,0.31331966196765626E+20,0.80352506272160973E+19,0.33102059890846024E+19,0.91545136303180006E+18,0.40999555864407046E+18
68,7.0899999439716348,0.30347133266134946E+20,0.84353596313193316E+20,0.31300138559762440E+20,0.80174274873761833E+19,0.33011864680305905E+19,0.90556312788276275E+18,0.40527727502328883E+18
69,7.1944443881511697,0.30314028694292611E+20,0.84287542690919088E+20,0.31285855450567725E+20,0.80200286930891387E+19,0.33032002711654190E+19,0.91311094994664000E+18,0.40906787284294643E+18
70,7.2988888323307046,0.30273963485762449E+20,0.84192275902921114E+20,0.31289109532744139E+20,0.80430620668543816E+19,0.33162540585542753E+19,0.93824649890291085E+18,0.42144729154277734E+18
71,7.4033332765102395,0.30226769997062050E+20,0.84067607848486502E+20,0.31309905198765732E+20,0.80865905265609974E+19,0.33403913859447767E+19,0.98147332076924634E+18,0.44267641209352147E+18
72,7.5077777206897744,0.30172160883220935E+20,0.83913200308023116E+20,0.31348258573094679E+20,0.81507322575438377E+19,0.33756928348361733E+19,0.10436569772181494E+19,0.47320256481291789E+18
73,7.6133332749207820,0.30113211825635631E+20,0.83705238047529189E+20,0.31409917789147320E+20,0.82350031640855706E+19,0.34329559621176064E+19,0.11421484106780948E+19,0.55076917812461210E+18
74,7.7199999392032641,0.30076525211421118E+20,0.83579973902507426E+20,0.31412863242561741E+20,0.82579512374155633E+19,0.34525269372482273E+19,0.11794857748645164E+19,0.58890092390647437E+18
75,7.8266666034857444,0.30058590114699416E+20,0.83560556088753553E+20,0.31351717605926814E+20,0.82204484933423964E+19,0.34237669827795169E+19,0.11397418877778529E+19,0.54913487559007616E+18
76,7.9322221577167529,0.30059445996735390E+20,0.83638263621610996E+20,0.31236883471452926E+20,0.81216285470088940E+19,0.33587949496850104E+19,0.10393538519439411E+19,0.47057190036159789E+18
77,8.0366666018962878,0.30052558108152566E+20,0.83677144020550484E+20,0.31150225245674402E+20,0.80427499636939244E+19,0.33171647676159447E+19,0.97550138027782310E+18,0.43947010902853728E+18
78,8.1411110460758227,0.30038297339460383E+20,0.83686462874805174E+20,0.31081034172654735E+20,0.79843724240015811E+19,0.32866199394660767E+19,0.93049126978393907E+18,0.41759757372265382E+18
79,8.2455554902553576,0.30016960998270120E+20,0.83666616137571205E+20,0.31029266602662081E+20,0.79463394457575834E+19,0.32670584057287465E+19,0.90342355724393984E+18,0.40449358858705370E+18
80,8.3499999344348925,0.29988727702597599E+20,0.83617850917797642E+20,0.30994890538282873E+20,0.79285494078680095E+19,0.32584147940737966E+19,0.89375732056636570E+18,0.39988218081830458E+18
81,8.4544443786144274,0.29953660708630524E+20,0.83540269630808474E+20,0.30977885612605628E+20,0.79309552736276716E+19,0.32606602163207516E+19,0.90129979041961357E+18,0.40366628740140243E+18
82,8.5588888227939623,0.29911709097006703E+20,0.83433831479263674E+20,0.30978243075375665E+20,0.79535644629169992E+19,0.32738021770914939E+19,0.92620247099325133E+18,0.41592570796666202E+18
83,8.6633332669734973,0.29862706841413923E+20,0.83298351294221271E+20,0.30995965787109286E+20,0.79964388729384305E+19,0.32978845939804355E+19,0.96896419172431603E+18,0.43691879052071501E+18
84,8.7677777111530322,0.29806369740496208E+20,0.83133495712519537E+20,0.31031068221165343E+20,0.80596950475489843E+19,0.33329879291922207E+19,0.10304411514710460E+19,0.46708788571919827E+18
85,8.8733332653840407,0.29745869961250173E+20,0.82914183618013741E+20,0.31088945919628722E+20,0.81428552948447232E+19,0.33898307513928653E+19,0.11277819331428398E+19,0.54372367717095027E+18
86,8.9799999296665192,0.29707495359516578E+20,0.82775427222064218E+20,0.31088250005065998E+20,0.81652418365033892E+19,0.34093646778231762E+19,0.11647120594586621E+19,0.58142400756048154E+18
87,9.0866665939490012,0.29687642199837463E+20,0.82741625328613327E+20,0.31023971328805614E+20,0.81277289656800594E+19,0.33810360641445468E+19,0.11254880458233988E+19,0.54218531902071866E+18
88,9.1922221481800079,0.29686213571722899E+20,0.82805576164841374E+20,0.30906755632262439E+20,0.80294687750811628E+19,0.33168286702081526E+19,0.10263438810085951E+19,0.46461451918465165E+18
89,9.2966665923595428,0.29676990920953287E+20,0.82832615419257684E+20,0.30817750257962660E+20,0.79509180996652718E+19,0.32756794459339581E+19,0.96328003046728269E+18,0.43390515201103405E+18
90,9.4011110365390778,0.29660475340644676E+20,0.82830460827358183E+20,0.30746024331459215E+20,0.78926332623294751E+19,0.32454761579218017E+19,0.91882247627058176E+18,0.41230812132855194E+18
91,9.5055554807186127,0.29636960712732574E+20,0.82799505073492673E+20,0.30691532900892721E+20,0.78544581581127434E+19,0.32261179359629496E+19,0.89208230996388928E+18,0.39936852983348659E+18
92,9.6099999248981476,0.29606623709371224E+20,0.82739993863666369E+20,0.30654242539328201E+20,0.78362909093452554E+19,0.32175401333776497E+19,0.88252516202949120E+18,0.39481387152006656E+18
93,9.7144443690776825,0.29569527080659882E+20,0.82652030026154033E+20,0.30634131322007974E+20,0.78380835883210066E+19,0.32197141263441213E+19,0.88996044540139341E+18,0.39854828166126285E+18
94,9.8188888132572174,0.29525620827836137E+20,0.82535574976068321E+20,0.30631188811487166E+20,0.78598420871283405E+19,0.32326472234888264E+19,0.91453752013094912E+18,0.41065051501468915E+18
95,9.9233332574367523,0.29474741285471769E+20,0.82390447573298348E+20,0.30645416050639151E+20,0.79016261342826865E+19,0.32563826855777500E+19,0.95674870192399949E+18,0.43137560954289344E+18
96,10.027777701616287,0.29416608093917245E+20,0.82216320350365303E+20,0.30676825563528540E+20,0.79635494582073190E+19,0.32909998552591826E+19,0.10174391751613786E+19,0.46116027085119526E+18
97,10.133333255847294,0.29354494312521134E+20,0.81986997458180047E+20,0.30730412771427508E+20,0.80451431268922307E+19,0.33470719784414597E+19,0.11135388287068704E+19,0.53682044388038771E+18
98,10.239999920129776,0.29314357203017179E+20,0.81836025729206551E+20,0.30725690487536079E+20,0.80666309104665436E+19,0.33662307521122002E+19,0.11499700146823708E+19,0.57402512691280218E+18
99,10.346666584412255,0.29292496429560021E+20,0.81788906870510486E+20,0.30658059718451089E+20,0.80288842106143642E+19,0.33380718145527526E+19,0.11111942982574505E+19,0.53525728706137453E+18
100,10.452222138643263,0.29288672073230139E+20,0.81839873773857751E+20,0.30538410318731211E+20,0.79310714878523525E+19,0.32744718192323461E+19,0.10132540725248099E+19,0.45864857734238707E+18
101,10.556666582822798,0.29277000526749196E+20,0.81855774406315033E+20,0.30446989863857132E+20,0.78527203383404278E+19,0.32336748041082604E+19,0.95094392170816448E+18,0.42831578251966304E+18
102,10.661111027002333,0.29258119912745001E+20,0.81842865769082405E+20,0.30372640462066180E+20,0.77943842558203290E+19,0.32036830269665812E+19,0.90700181106024896E+18,0.40697791529124147E+18
103,10.765555471181868,0.29232320953010328E+20,0.81801537764606624E+20,0.30315315784268628E+20,0.77559071228674202E+19,0.31843963570091167E+19,0.88054917090302643E+18,0.39418554405126746E+18
104,10.869999915361403,0.29199778663327916E+20,0.81732035211366679E+20,0.30274980885304795E+20,0.77371863728573809E+19,0.31757504186812513E+19,0.87105740995585075E+18,0.38966926966721242E+18
105,10.974444359540938,0.29160555605958529E+20,0.81634461900454265E+20,0.30251612180204016E+20,0.77381727108240753E+19,0.31777163918031565E+19,0.87833727522713856E+18,0.39333404113831296E+18
106,11.078888803720472,0.29114603054964118E+20,0.81508782050231075E+20,0.30245197428229337E+20,0.77588699796252662E+19,0.31903009205287921E+19,0.90253504358848397E+18,0.40525715107225350E+18
107,11.183333247900007,0.29061760097725010E+20,0.81354819188258505E+20,0.30255735724693582E+20,0.77993351710500035E+19,0.32135461309693542E+19,0.94413546829352538E+18,0.42568986863649434E+18
108,11.287777692079542,0.29001750654271574E+20,0.81172252437513175E+20,0.30283237500543640E+20,0.78596785818989619E+19,0.32475297574272758E+19,0.10039715398034479E+19,0.45506274453880115E+18
109,11.393333246310551,0.28937953284861731E+20,0.80933879738030555E+20,0.30332273732598567E+20,0.79394414368223713E+19,0.33026443833501327E+19,0.10987380765252193E+19,0.52968809692622573E+18
110,11.499999910593029,0.28895972509550404E+20,0.80771569746414535E+20,0.30323374842052776E+20,0.79598685918747423E+19,0.33212806986789990E+19,0.11346142281774669E+19,0.56635302200493478E+18
111,11.606666574875511,0.28872007224066363E+20,0.80711821055069602E+20,0.30252373120355049E+20,0.79218255637822433E+19,0.32932180852776054E+19,0.10962842559106113E+19,0.52805837722120966E+18
112,11.712222129106518,0.28865667352791118E+20,0.80750252365069484E+20,0.30130391253171786E+20,0.78244969277983314E+19,0.32302256609080028E+19,0.99959325694075238E+18,0.45244520075738854E+18
113,11.816666573286053,0.28851427344411931E+20,0.80755435172536500E+20,0.30036625771174298E+20,0.77463617523509105E+19,0.31897750033999739E+19,0.93806363986818675E+18,0.42250145612269370E+18
114,11.921111017465588,0.28830069237712466E+20,0.80732215892746715E+20,0.29959701189989712E+20,0.76879704578175908E+19,0.31599828704513300E+19,0.89465330163120192E+18,0.40143052315613440E+18
115,12.025555461645123,0.28801880465787130E+20,0.80680981608233763E+20,0.29899569821839430E+20,0.76491669011119258E+19,0.31407498280221676E+19,0.86849434366971469E+18,0.38878859949789114E+18
116,12.129999905824658,0.28767034330170757E+20,0.80601976298557293E+20,0.29856195207593468E+20,0.76298477585602191E+19,0.31320117096297288E+19,0.85906408155714150E+18,0.38430946105346605E+18
117,12.234444350004193,0.28725593217332318E+20,0.80495304851928072E+20,0.29829552092036444E+20,0.76299622447581471E+19,0.31337394170613309E+19,0.86617452387688141E+18,0.38789884477001779E+18
118,12.338888794183728,0.28677509756578693E+20,0.80360934510534738E+20,0.29819626406811693E+20,0.76495119747346330E+19,0.31459388284243354E+19,0.88996858926092570E+18,0.39963246084834490E+18
119,12.443333238363262,0.28622625942558949E+20,0.80198693778554601E+20,0.29826415261029306E+20,0.76885509690462710E+19,0.31686508133659540E+19,0.93092298536557184E+18,0.41975759240287507E+18
120,12.547777682542797,0.28560670204395823E+20,0.80008268770370109E+20,0.29849926939533271E+20,0.77471858018167255E+19,0.32019513554035543E+19,0.98985780778475469E+18,0.44869831642262598E+18
121,12.653333236773804,0.28495130394194461E+20,0.79761528181582037E+20,0.29894297242885321E+20,0.78249686704927457E+19,0.32560393110758897E+19,0.10832202678090680E+19,0.52223910492432077E+18
122,12.759999901056286,0.28451234196957839E+20,0.79588460748627837E+20,0.29881211884871012E+20,0.78442807552663470E+19,0.32741462624922655E+19,0.11185197698640191E+19,0.55834423190718938E+18
123,12.866666565338765,0.28425076212895379E+20,0.79516486665248899E+20,0.29806943538384245E+20,0.78059800246404751E+19,0.32462486968720727E+19,0.10806747759745876E+19,0.52055707855087360E+18
124,12.972222119569773,0.28416109571680068E+20,0.79542588242878136E+20,0.29682828672862720E+20,0.77092681118450975E+19,0.31839859574273695E+19,0.98531826010346547E+18,0.44599816832936339E+18
125,13.076666563749308,0.28399190617970516E+20,0.79537260140436144E+20,0.29586877262207529E+20,0.76314608124260096E+19,0.31439746774295485E+19,0.92462859524495411E+18,0.41646902606274778E+18
126,13.181111007928843,0.28375251448617030E+20,0.79503960813087474E+20,0.29507514829325930E+20,0.75731047364835594E+19,0.31144692087773322E+19,0.88179872729186573E+18,0.39568602636871034E+18
127,13.285555452108378,0.28344575840052310E+20,0.79443074154577969E+20,0.29444692408103469E+20,0.75340439560447621E+19,0.30953711148586465E+19,0.85597238956471258E+18,0.38321143632788301E+18
128,13.389999896287913,0.28307335078986273E+20,0.79354843019471733E+20,0.29398372091511923E+20,0.75141745740622756E+19,0.30866167208670239E+19,0.84663356970476608E+18,0.37878256094478458E+18
129,13.494444340467448,0.28263591138289607E+20,0.79239373184113459E+20,0.29368527005924815E+20,0.75134444417690665E+19,0.30881769160586706E+19,0.85359612290021914E+18,0.38230620048561363E+18
130,13.598888784646983,0.28213297823922508E+20,0.79096634778234388E+20,0.29355141292994212E+20,0.75318530171851407E+19,0.31000570618069228E+19,0.87700002612250637E+18,0.39385668521866592E+18
131,13.703333228826517,0.28156299915859755E+20,0.78926461215881593E+20,0.29358210099074048E+20,0.75694513643902249E+19,0.31222970052857032E+19,0.91731419789667059E+18,0.41367744604777856E+18
132,13.807777673006052,0.28092330285395128E+20,0.78728545603640525E+20,0.29377739572184895E+20,0.76263422935606600E+19,0.31549711987201101E+19,0.97534594041278758E+18,0.44218615428017050E+18
133,13.913333227237061,0.28024989525849772E+20,0.78473876759352001E+20,0.29417428939481121E+20,0.77020893136257915E+19,0.32080970121401953E+19,0.10672929456795798E+19,0.51463674458261030E+18
134,14.019999891519539,0.27979105828450898E+20,0.78290372153078071E+20,0.29400250858734621E+20,0.77203237701831690E+19,0.32258341253707407E+19,0.11020503737444908E+19,0.55020970493683002E+18
135,14.126666555802021,0.27950665990962315E+20,0.78206324985630867E+20,0.29322919402240037E+20,0.76818955918708541E+19,0.31983459370427868E+19,0.10647698046741347E+19,0.51299145038220902E+18
136,14.232222110033028,0.27938959608159777E+20,0.78220083137297269E+20,0.29196958782472864E+20,0.75860255960440105E+19,0.31370920090444063E+19,0.97085101352454464E+18,0.43954820124920115E+18
137,14.336666554212563,0.27919245850770588E+20,0.78204252640436240E+20,0.29099060866165072E+20,0.75087530444579195E+19,0.30977455633205996E+19,0.91108392389020736E+18,0.41046570085798931E+18
138,14.441110998392098,0.27892612932381585E+20,0.78160901748476527E+20,0.29017478982474838E+20,0.74506195333077955E+19,0.30687513868722468E+19,0.86891502469027610E+18,0.39000335226218778E+18
139,14.545555442571633,0.27859340362268467E+20,0.78090410478855012E+20,0.28952163023787545E+20,0.74114698516319171E+19,0.30500128225395420E+19,0.84350124938260877E+18,0.37773017605377427E+18
140,14.649999886751168,0.27819596807893971E+20,0.77993019880577171E+20,0.28903073758256501E+20,0.73911999797956803E+19,0.30414674707714109E+19,0.83433481428554061E+18,0.37338772039724723E+18
141,14.754444330930703,0.27773443220752060E+20,0.77868835932841361E+20,0.28870182803250164E+20,0.73897568065703875E+19,0.30430869961226214E+19,0.84123299735811763E+18,0.37688460793572250E+18
142,14.858888775110238,0.27720833962641506E+20,0.77717830950928318E+20,0.28853472606234272E+20,0.74071379850736271E+19,0.30548770380274770E+19,0.86433446122223181E+18,0.38829460904253178E+18
143,14.963333219289773,0.27661615954892194E+20,0.77539842527498076E+20,0.28852936433075114E+20,0.74433919271773860E+19,0.30768772256889646E+19,0.90410204633563469E+18,0.40785820072392576E+18
144,15.067777663469307,0.27595525833080283E+20,0.77334569987456205E+20,0.28868578363756216E+20,0.74986179363694510E+19,0.31091612970271995E+19,0.96133209058584768E+18,0.43598764416810432E+18
145,15.173333217700314,0.27526282237045236E+20,0.77072140202067083E+20,0.28903668706492482E+20,0.75723905642414940E+19,0.31616212193963136E+19,0.10519964717998124E+19,0.50746192246223546E+18
146,15.279999881982796,0.27478297371038327E+20,0.76878220065893220E+20,0.28882604271679881E+20,0.75897078811369062E+19,0.31794456873828337E+19,0.10863696204281737E+19,0.54264803789831462E+18
147,15.386666546265275,0.27447444130782900E+20,0.76781957246184571E+20,0.28802533895898341E+20,0.75514129097755750E+19,0.31529345172040387E+19,0.10498069587695716E+19,0.50611281310777229E+18
148,15.492222100496283,0.27432839091017830E+20,0.76783096077705118E+20,0.28675133817516274E+20,0.74567496134437345E+19,0.30932653329707807E+19,0.95744534324512371E+18,0.43383514026307290E+18
149,15.596666544675818,0.27410156019086168E+20,0.76756527244644696E+20,0.28575638292483125E+20,0.73803646578578207E+19,0.30550636888273623E+19,0.89872131872619213E+18,0.40524101920699552E+18
150,15.701110988855353,0.27380647710781288E+20,0.76702896786615681E+20,0.28492166375417311E+20,0.73227927257179116E+19,0.30270738968306109E+19,0.85735676346562253E+18,0.38515762173077830E+18
151,15.805555433034888,0.27344588315618423E+20,0.76622579577669501E+20,0.28424667030636073E+20,0.72838802341975757E+19,0.30092028037011507E+19,0.83252458072723251E+18,0.37316194091141581E+18
152,15.909999877214423,0.27302142617597170E+20,0.76515813380626383E+20,0.28373099902243910E+20,0.72635239176729590E+19,0.30013910627301704E+19,0.82372849735008691E+18,0.36900136579465696E+18
153,16.014444321393960,0.27253369090737529E+20,0.76382702658234876E+20,0.28337435286847095E+20,0.72616705469120102E+19,0.30036129506552586E+19,0.83079307381520883E+18,0.37258835152485754E+18
154,16.118888765573494,0.27198220980427084E+20,0.76223219923209601E+20,0.28317654113570140E+20,0.72783167847464858E+19,0.30158762874837934E+19,0.85386017338968947E+18,0.38399857355400774E+18
155,16.223333209753029,0.27136545432188748E+20,0.76037204654145536E+20,0.28313747931358802E+20,0.73135091778326569E+19,0.30382224591294792E+19,0.89339181919895450E+18,0.40347252694864000E+18
156,16.327777653932564,0.27068080649985098E+20,0.75824359754946249E+20,0.28325718903563211E+20,0.73673442844785172E+19,0.30707265428311322E+19,0.95017949678133107E+18,0.43142060464829747E+18
157,16.433333208163575,0.26996676080130417E+20,0.75553919087441543E+20,0.28356428840571412E+20,0.74394063772028887E+19,0.31233032054076416E+19,0.10400575057456244E+19,0.50236414234839565E+18
158,16.539999872446053,0.26946327918119969E+20,0.75349140328445985E+20,0.28331856973377552E+20,0.74561873776005427E+19,0.31423066968049869E+19,0.10745257917199140E+19,0.53765079969603750E+18
159,16.646666536728539,0.26912779720060547E+20,0.75240053242221986E+20,0.28249569655632581E+20,0.74185275167385928E+19,0.31180387152686182E+19,0.10390460915960686E+19,0.50209239407722650E+18
160,16.752222090959545,0.26894955924674630E+20,0.75227876071072973E+20,0.28121342512818016E+20,0.73257014330770534E+19,0.30611791262886702E+19,0.94843806013496384E+18,0.43103399182165197E+18
161,16.856666535139080,0.26868931965969625E+20,0.75189927565554336E+20,0.28020787845030826E+20,0.72508361775403551E+19,0.30251605969455017E+19,0.89100691094815194E+18,0.40301821033013402E+18
162,16.961110979318615,0.26836142253701906E+20,0.75125351243956126E+20,0.27935947601523663E+20,0.71944562992560978E+19,0.29992590425211116E+19,0.85078681310767795E+18,0.38346754212287731E+18
163,17.065555423498150,0.26796853037912785E+20,0.75034513868258083E+20,0.27866770163589128E+20,0.71564115418244485E+19,0.29833886133049236E+19,0.82697322741087616E+18,0.37197018271137280E+18
164,17.169999867677685,0.26751222007597982E+20,0.74917646110777033E+20,0.27813214385634603E+20,0.71366010927362478E+19,0.29774969874464635E+19,0.81908991500942656E+18,0.36828402003536378E+18
165,17.274444311857220,0.26699301221473645E+20,0.74774846210199110E+20,0.27775249567394615E+20,0.71349733092980470E+19,0.29815652119030702E+19,0.82697934951231680E+18,0.37233152633798106E+18
166,17.378888756036755,0.26641038075184894E+20,0.74606081179659616E+20,0.27752855433307242E+20,0.71515255786761349E+19,0.29956076455870147E+19,0.85079954530565261E+18,0.38419812440690573E+18
167,17.483333200216290,0.26576274324262588E+20,0.74411185590993961E+20,0.27746022119038120E+20,0.71863043116772987E+19,0.30196720046462444E+19,0.89102723816731558E+18,0.40413399369606995E+18
168,17.587777644395825,0.26504743142801539E+20,0.74189857910114435E+20,0.27754750165145854E+20,0.72394050702497126E+19,0.30538395099158979E+19,0.94846748223616934E+18,0.43255935457704678E+18
169,17.693333198626831,0.26430459564654338E+20,0.73910306229176467E+20,0.27781535449717785E+20,0.73104184542433495E+19,0.31084009773975491E+19,0.10390888279650136E+19,0.50446672527589619E+18
170,17.799999862909317,0.26377049733621142E+20,0.73693272951151198E+20,0.27754146369776067E+20,0.73274844750146949E+19,0.31311025328726083E+19,0.10751310446161166E+19,0.54150801445005120E+18
171,17.906666527191796,0.26340084944227979E+20,0.73569791848232157E+20,0.27670531586590114E+20,0.72914507434769500E+19,0.31119263675638088E+19,0.10418802671696581E+19,0.50796382638440954E+18
172,18.012222081422806,0.26318250173102764E+20,0.73542729315923386E+20,0.27542481471862063E+20,0.72016375351694356E+19,0.30605802096714225E+19,0.95368695353082445E+18,0.43837095184431168E+18
173,18.116666525602341,0.26287935826913079E+20,0.73491889927703151E+20,0.27441766057121079E+20,0.71294970758927483E+19,0.30290555855232128E+19,0.89838036194750003E+18,0.41127806702585626E+18
174,18.221110969781876,0.26250798976686412E+20,0.73414731900493775E+20,0.27356443940048712E+20,0.70755378533436979E+19,0.30076723945327140E+19,0.86043126850054656E+18,0.39282798051440454E+18
175,18.325555413961411,0.26207090008697922E+20,0.73311604427557880E+20,0.27286463513250947E+20,0.70396162522126182E+19,0.29963606121217183E+19,0.83907978951620864E+18,0.38263206722471558E+18
176,18.429999858140945,0.26156949277325857E+20,0.73182718800328983E+20,0.27231783428684026E+20,0.70216373013571615E+19,0.29950839044542346E+19,0.83389815614844851E+18,0.38047571092942592E+18
177,18.534444302320480,0.26100409724910006E+20,0.73028151677471760E+20,0.27192372569781858E+20,0.70215544156870789E+19,0.30038395240338371E+19,0.84478209883689446E+18,0.38631377840844013E+18
178,18.638888746500015,0.26037397498673725E+20,0.72847845856640049E+20,0.27168210030609400E+20,0.70393692700296673E+19,0.30226583081587973E+19,0.87194874376463347E+18,0.40026967318532205E+18
179,18.743333190679550,0.25967730576918745E+20,0.72641608564181230E+20,0.27159285102027747E+20,0.70751318046314066E+19,0.30516047803233720E+19,0.91594097887482893E+18,0.42263794897951910E+18
180,18.847777634859085,0.25891115376398893E+20,0.72409107227659059E+20,0.27165597264864150E+20,0.71289403623108413E+19,0.30907773547551846E+19,0.97763837733448410E+18,0.45389053831182842E+18
181,18.953333189090095,0.25811832490672226E+20,0.72117120090968580E+20,0.27189360786048537E+20,0.72003842222644992E+19,0.31516641788276547E+19,0.10740389203463634E+19,0.53208928255832294E+18
182,19.059999853372574,0.25753333474887741E+20,0.71883943378659721E+20,0.27160448067279778E+20,0.72194685618413087E+19,0.31838515184454636E+19,0.11168986311724616E+19,0.57706512768434547E+18
183,19.166666517655059,0.25710890638457663E+20,0.71741983742466818E+20,0.27077122909838148E+20,0.71870712222689475E+19,0.31762561791984645E+19,0.10904623510782739E+19,0.54982534381434918E+18
184,19.272222071886066,0.25682816346233254E+20,0.71696183495151215E+20,0.26951042798572495E+20,0.71025887922260357E+19,0.31365430987280947E+19,0.10080049702823158E+19,0.48318975077373197E+18
185,19.376666516065601,0.25645469893563171E+20,0.71628580965795414E+20,0.26851789084456042E+20,0.70355780190460979E+19,0.31147598616788419E+19,0.95856753636641152E+18,0.45859830273313402E+18
186,19.481110960245136,0.25600839242525901E+20,0.71534488721116209E+20,0.26767604449693495E+20,0.69865197259039969E+19,0.31034300514557911E+19,0.92767479084617946E+18,0.44366069003204122E+18
187,19.585555404424671,0.25549127574125380E+20,0.71414200414506525E+20,0.26698438394978124E+20,0.69552836361715907E+19,0.31025188190293458E+19,0.91470658485656154E+18,0.43806233770079654E+18
188,19.689999848604206,0.25490418267845177E+20,0.71267859633488478E+20,0.26644250466481820E+20,0.69417875415800484E+19,0.31120262125839739E+19,0.91940143686492198E+18,0.44168588392668666E+18
189,19.794444292783741,0.25424676449017606E+20,0.71095461831412195E+20,0.26605010228718965E+20,0.69459970789040660E+19,0.31319871953204613E+19,0.94185125689592755E+18,0.45460871572703392E+18
190,19.898888736963276,0.25351748308711473E+20,0.70896853480959877E+20,0.26580697244318298E+20,0.69679256371496888E+19,0.31624717697320468E+19,0.98250318233788096E+18,0.47710462489903744E+18
191,20.003333181142811,0.25271358181908398E+20,0.70671728431650628E+20,0.26571301060690776E+20,0.70076343949915218E+19,0.32035852087341532E+19,0.10421685621143027E+19,0.50964961973126419E+18
192,20.107777625322345,0.25183103324236333E+20,0.70419621396654817E+20,0.26576821203590824E+20,0.70652324885620582E+19,0.32554683941162056E+19,0.11220392699499968E+19,0.55293201603584704E+18
193,20.213333179553352,0.25091846032778793E+20,0.70104569465563611E+20,0.26599357964161073E+20,0.71402913536904694E+19,0.33327026271505664E+19,0.12435881032421448E+19,0.65823225305277581E+18
194,20.319999843835838,0.25021632261540323E+20,0.69843186061016482E+20,0.26571469492416958E+20,0.71650379021752381E+19,0.33877051484321884E+19,0.13152844617463278E+19,0.73606008099627494E+18
195,20.426666508118316,0.24967018483045523E+20,0.69670431029863055E+20,0.26491612454166663E+20,0.71404296433119160E+19,0.34066080039190548E+19,0.13172438845629253E+19,0.73343049798823718E+18
196,20.532222062349327,0.24925514851497390E+20,0.69594579307253449E+20,0.26371032020944261E+20,0.70660031271927306E+19,0.33925795634494868E+19,0.12587544547477358E+19,0.67708434910882342E+18
197,20.636666506528861,0.24872050229947707E+20,0.69498360887041057E+20,0.26276454105805312E+20,0.70090540251727483E+19,0.33925981903870428E+19,0.12343380474318090E+19,0.66200202313191680E+18
198,20.741110950708396,0.24809259890773524E+20,0.69373540558261600E+20,0.26196635122924159E+20,0.69700119229762847E+19,0.34040536637467448E+19,0.12339385774011837E+19,0.66091285696196467E+18
199,20.845555394887931,0.24737159683487756E+20,0.69220184131353723E+20,0.26131527885752234E+20,0.69487736961926072E+19,0.34269903846414669E+19,0.12575453320611174E+19,0.67379320000371584E+18
200,20.949999839067466,0.24655602013334319E+20,0.69038152881313956E+20,0.26081095054306550E+20,0.69452842496530565E+19,0.34614912076229176E+19,0.13056281904396780E+19,0.70091546992845094E+18
201,21.054444283247001,0.24564272867073991E+20,0.68827099833382552E+20,0.26045309110633619E+20,0.69595363679610685E+19,0.35076777229192008E+19,0.13791470660814444E+19,0.74285392559584576E+18
202,21.158888727426536,0.24462685621000942E+20,0.68586462032017564E+20,0.26024152341145993E+20,0.69915706966157363E+19,0.35657106534089144E+19,0.14795712051584719E+19,0.80049684820597146E+18
203,21.263333171606071,0.24350171504274993E+20,0.68315448634441761E+20,0.26017616825832550E+20,0.70414758536764385E+19,0.36357903669916452E+19,0.16089087281141023E+19,0.87506538947697498E+18
204,21.367777615785606,0.24225866522360832E+20,0.68013024584655487E+20,0.26025704434354655E+20,0.71093886722732124E+19,0.37181575050122921E+19,0.17697470092447877E+19,0.96813948741155469E+18
205,21.473333170016616,0.24096357692874420E+20,0.67635562023999054E+20,0.26050750400333664E+20,0.71948275851308165E+19,0.38348587884457605E+19,0.20035352228918628E+19,0.11857974853316972E+19
206,21.579999834299095,0.23989535104047862E+20,0.67301813675482104E+20,0.26029371857356403E+20,0.72328963666210150E+19,0.39434479007957079E+19,0.22097919477572498E+19,0.13980781167361234E+19
207,21.686666498581580,0.23897669036428001E+20,0.67053663169179091E+20,0.25960014768833724E+20,0.72247363217421527E+19,0.40233108533995822E+19,0.23515005512218542E+19,0.14934689562033080E+19
208,21.792222052812587,0.23817067765012881E+20,0.66908554067086328E+20,0.25854875406023115E+20,0.71725052403994552E+19,0.40606332229125862E+19,0.24027035508284390E+19,0.14769419261602921E+19
209,21.896666496992122,0.23730347245131219E+20,0.66761869024533193E+20,0.25771859919672762E+20,0.71341801684484157E+19,0.40841385575606349E+19,0.24301626407842570E+19,0.14784404832756180E+19
210,22.001110941171657,0.23641108688229978E+20,0.66595875411327631E+20,0.25699045742599672E+20,0.71077697651302062E+19,0.41088903216024325E+19,0.24609825893088404E+19,0.14871402570205650E+19
211,22.105555385351192,0.23549300645359530E+20,0.66410571673309356E+20,0.25636403394676277E+20,0.70932287345224540E+19,0.41348998107761562E+19,0.24952107153169690E+19,0.15030784950736617E+19
212,22.209999829530727,0.23454853353344590E+20,0.66205933522672951E+20,0.25583908573058273E+20,0.70905332053209047E+19,0.41621781202737644E+19,0.25328990732457595E+19,0.15263303374329359E+19
213,22.314444273710262,0.23357678552149381E+20,0.65981913757979664E+20,0.25541542141313999E+20,0.70996806879067761E+19,0.41907361499818988E+19,0.25741045303700956E+19,0.15570092045874025E+19
214,22.418888717889796,0.23257669222816674E+20,0.65738441995253817E+20,0.25509290121420653E+20,0.71206900706535803E+19,0.42205846083645322E+19,0.26188888479672192E+19,0.15952673901818253E+19
215,22.523333162069331,0.23154699244806939E+20,0.65475424308843815E+20,0.25487143688629117E+20,0.71536016554670756E+19,0.42517340149880709E+19,0.26673187664003062E+19,0.16412968613387630E+19
216,22.627777606248866,0.23048622971164574E+20,0.65192742780272271E+20,0.25475099169201267E+20,0.71984772326242232E+19,0.42841947016868859E+19,0.27194660941746406E+19,0.16953302709179407E+19
217,22.733333160479873,0.22943992679603306E+20,0.64848087253898019E+20,0.25472910581865669E+20,0.72575778521700997E+19,0.43408092194642883E+19,0.28381188609415173E+19,0.18759035707957430E+19
218,22.839999824762359,0.22858385015192130E+20,0.64544014220682346E+20,0.25426185885235532E+20,0.72753918908398766E+19,0.43971164640428974E+19,0.29584363619323817E+19,0.20324484893580308E+19
219,22.946666489044837,0.22787028644886823E+20,0.64322268244709671E+20,0.25335738942699393E+20,0.72501299055141960E+19,0.44309147769011743E+19,0.30184002834177710E+19,0.20429307557914616E+19
220,23.052222043275847,0.22727180421341168E+20,0.64197785193248965E+20,0.25215320102043820E+20,0.71843739267661322E+19,0.44395093321765601E+19,0.30186053792809400E+19,0.19592478618639045E+19
221,23.156666487455382,0.22660610492684546E+20,0.64067963126102172E+20,0.25118524436557451E+20,0.71330744399880714E+19,0.44460200336743926E+19,0.30229471683843630E+19,0.19399765164168860E+19
222,23.261110931634917,0.22590047064618492E+20,0.63917658535252410E+20,0.25031695032799887E+20,0.70937185034425600E+19,0.44539185703548145E+19,0.30315425785463542E+19,0.19302059245570678E+19
223,23.365555375814452,0.22515496402699502E+20,0.63746930033018405E+20,0.24954795598458585E+20,0.70662376312057600E+19,0.44632103193324718E+19,0.30444060219037271E+19,0.19298808429822226E+19
224,23.469999819993987,0.22436941593547391E+20,0.63555808307645309E+20,0.24887794928374284E+20,0.70505847839257754E+19,0.44739005013338132E+19,0.30615578228875003E+19,0.19389955299329510E+19
225,23.574444264173522,0.22354342545254224E+20,0.63344296139785994E+20,0.24830666889318195E+20,0.70467342834493563E+19,0.44859941852513971E+19,0.30830242521675597E+19,0.19575937079881083E+19
226,23.678888708353057,0.22267635886536810E+20,0.63112368305366680E+20,0.24783390407689400E+20,0.70546817666547180E+19,0.44994962913441265E+19,0.31088375651014804E+19,0.19857687911819671E+19
227,23.783333152532592,0.22176734764185108E+20,0.62859971364333249E+20,0.24745949460128510E+20,0.70744441784059648E+19,0.45144115930866944E+19,0.31390360447263780E+19,0.20236643776533256E+19
228,23.887777596712127,0.22081528537851527E+20,0.62587023334196650E+20,0.24718333067046801E+20,0.71060598036164076E+19,0.45307447176689362E+19,0.31736640493110001E+19,0.20714750104641057E+19
229,23.993333150943137,0.21986181722835984E+20,0.62252483131011490E+20,0.24698266390349210E+20,0.71512535754929367E+19,0.45605005542407025E+19,0.32566124336857759E+19,0.22394722753170509E+19
230,24.099999815225615,0.21908841769977786E+20,0.61956513900738699E+20,0.24634624815013622E+20,0.71571028670958141E+19,0.45836191228635684E+19,0.33257964913749540E+19,0.23593852021648952E+19
231,24.206666479508101,0.21845161108770136E+20,0.61739624335309480E+20,0.24530138783402684E+20,0.71222886222889677E+19,0.45883915405101716E+19,0.33378237606685906E+19,0.23195359835149599E+19
232,24.312222033739108,0.21792736103044022E+20,0.61616571941928174E+20,0.24399618634969690E+20,0.70496165592176886E+19,0.45790503153389343E+19,0.33086350141314207E+19,0.21982064163078244E+19
233,24.416666477918643,0.21733147566306828E+20,0.61487631855377048E+20,0.24293551696718361E+20,0.69914462553807186E+19,0.45749200050052623E+19,0.32995586882917509E+19,0.21671398396564882E+19
234,24.521110922098178,0.21668824035675939E+20,0.61337875309243941E+20,0.24197134656197964E+20,0.69449977196821258E+19,0.45722350513379692E+19,0.32951565693833795E+19,0.21467105276653409E+19
235,24.625555366277712,0.21599804386450944E+20,0.61167398045732545E+20,0.24110326815351804E+20,0.69101898566868070E+19,0.45709970431115663E+19,0.32954239053355346E+19,0.21368099166343357E+19
236,24.729999810457247,0.21526101986167587E+20,0.60976265437168509E+20,0.24033092419186430E+20,0.68869626000930611E+19,0.45712074428632986E+19,0.33003624011703890E+19,0.21373846484574328E+19
237,24.834444254636782,0.21447704802498056E+20,0.60764512618628366E+20,0.23965400637702259E+20,0.68752768035292232E+19,0.45728675908841027E+19,0.33099802275556972E+19,0.21484362829737359E+19
238,24.938888698816317,0.21364575399356695E+20,0.60532144495000371E+20,0.23907225550720934E+20,0.68751141697486090E+19,0.45759787078859013E+19,0.33242920341242312E+19,0.21700213038250168E+19
239,25.043333142995852,0.21276650821201449E+20,0.60279135622467617E+20,0.23858546135602106E+20,0.68864772180926403E+19,0.45805418963499709E+19,0.33433189675813146E+19,0.22022514178469573E+19
240,25.147777587175387,0.21183842364962849E+20,0.60005429963767914E+20,0.23819346257846223E+20,0.69093892901627648E+19,0.45865581405587241E+19,0.33670886945974897E+19,0.22452941495995553E+19
241,25.253333141406394,0.21090255243000504E+20,0.59669887814801965E+20,0.23785824417611465E+20,0.69452146360424243E+19,0.45990771858948506E+19,0.34276365267157309E+19,0.24020110289025644E+19
242,25.359999805688879,0.21014037061070586E+20,0.59369470014837727E+20,0.23709473633733890E+20,0.69434407887084421E+19,0.46010259337741215E+19,0.34655413724881459E+19,0.24974944448840248E+19
243,25.466666469971358,0.20950920295636640E+20,0.59144797856891380E+20,0.23594494570440491E+20,0.69030758720490107E+19,0.45874313012328212E+19,0.34491318363648210E+19,0.24287255121234601E+19
244,25.572222024202368,0.20898501962997178E+20,0.59011827101430522E+20,0.23456510094448370E+20,0.68270419683204465E+19,0.45668576507330258E+19,0.34031380294239642E+19,0.22878399086252024E+19
245,25.676666468381903,0.20838597897324044E+20,0.58874362812427100E+20,0.23343453007223726E+20,0.67652684739120108E+19,0.45560312687909135E+19,0.33862883706584607E+19,0.22504779552680980E+19
246,25.781110912561438,0.20773654868205904E+20,0.58716286567765582E+20,0.23239673031275885E+20,0.67148452254026916E+19,0.45466541523137777E+19,0.33742513151330560E+19,0.22241747896841180E+19
247,25.885555356740973,0.20703729440707863E+20,0.58537717111095730E+20,0.23145126301036794E+20,0.66756841593775739E+19,0.45387254579463716E+19,0.33670108736799027E+19,0.22087926106980157E+19
248,25.989999800920508,0.20628851894056534E+20,0.58338742059336622E+20,0.23059773713079058E+20,0.66477175607793500E+19,0.45322442365142098E+19,0.33645576834315156E+19,0.22042508941480906E+19
249,26.094444245100043,0.20549026391187034E+20,0.58119418102433071E+20,0.22983580906011836E+20,0.66308979397466327E+19,0.45272094366010860E+19,0.33668890011775283E+19,0.22105259624921556E+19
250,26.198888689279578,0.20464231032891765E+20,0.57879771073426399E+20,0.22916518243201270E+20,0.66251979455761654E+19,0.45236199068484250E+19,0.33740087015301704E+19,0.22276508582502221E+19
251,26.303333133459113,0.20374417796824756E+20,0.57619795889128997E+20,0.22858560798305898E+20,0.66306103176510044E+19,0.45214743969823928E+19,0.33859272799091620E+19,0.22557155206035476E+19
252,26.407777577638647,0.20279512361037595E+20,0.57339456361029149E+20,0.22809688343621308E+20,0.66471478732447130E+19,0.45207715575719690E+19,0.34026618603312963E+19,0.22948672660992860E+19
253,26.513333131869658,0.20183732681857409E+20,0.56996756439581680E+20,0.22764811169527329E+20,0.66759030632777533E+19,0.45220089900584837E+19,0.34484212084637773E+19,0.24410495063570130E+19
254,26.619999796152136,0.20104855628121723E+20,0.56684831309294985E+20,0.22677789463938437E+20,0.66687538991465523E+19,0.45102017798400102E+19,0.34665332670513418E+19,0.25194573021016059E+19
255,26.726666460434622,0.20038513152411628E+20,0.56445161056578109E+20,0.22554085284189020E+20,0.66249640696405576E+19,0.44847917752799345E+19,0.34330868013925970E+19,0.24347533855432238E+19
256,26.832222014665629,0.19982121077018157E+20,0.56295696902397207E+20,0.22410006759702020E+20,0.65475134316694292E+19,0.44570899320199593E+19,0.33777205057905736E+19,0.22853226784659981E+19
257,26.936666458845163,0.19918013696087466E+20,0.56144303168708805E+20,0.22291130293203874E+20,0.64839102391991767E+19,0.44419810858971315E+19,0.33564242688602542E+19,0.22450063395514332E+19
258,27.041110903024698,0.19848825690368283E+20,0.55972857558839689E+20,0.22181114244552020E+20,0.64311890401671506E+19,0.44282908596617564E+19,0.33399063977234217E+19,0.22157286147196262E+19
259,27.145555347204233,0.19774622498540339E+20,0.55781493121867145E+20,0.22079912220297458E+20,0.63892578398562150E+19,0.44160168216523121E+19,0.33281443072545152E+19,0.21973370874447788E+19
260,27.249999791383768,0.19695443452398768E+20,0.55570312073078047E+20,0.21987482380621218E+20,0.63580441402664161E+19,0.44051564484511032E+19,0.33211219784307686E+19,0.21897364436886185E+19
261,27.354444235563303,0.19611301980528247E+20,0.55339386031277490E+20,0.21903787417636647E+20,0.63374948082560758E+19,0.43957071281723607E+19,0.33188299423956767E+19,0.21928879639880328E+19
262,27.458888679742838,0.19522185697265127E+20,0.55088756127144272E+20,0.21828794536411587E+20,0.63275759792281436E+19,0.43876661625277230E+19,0.33212652692410097E+19,0.22068093180447555E+19
263,27.563333123922373,0.19428056377358918E+20,0.54818432983097213E+20,0.21762475438699008E+20,0.63282729961847347E+19,0.43810307676755041E+19,0.33284315615110072E+19,0.22315746607153014E+19
264,27.667777568101908,0.19328849816169513E+20,0.54528396564482548E+20,0.21704806309369336E+20,0.63395903840381716E+19,0.43757980738576748E+19,0.33403389524071562E+19,0.22673150299196547E+19
265,27.773333122332915,0.19228978925164167E+20,0.54175408771322847E+20,0.21649516272398184E+20,0.63623920220567716E+19,0.43693745374543862E+19,0.33756858699131740E+19,0.24032378829962051E+19
266,27.879999786615400,0.19145599888389493E+20,0.53848267392545751E+20,0.21552795788564374E+20,0.63510145074620426E+19,0.43483146417311759E+19,0.33806958981168015E+19,0.24688616806471956E+19
267,27.986666450897879,0.19074157371830985E+20,0.53589690382862877E+20,0.21421276279552250E+20,0.63049429234593300E+19,0.43150664216416809E+19,0.33369377513979668E+19,0.23760650126846838E+19
268,28.092222005128889,0.19011794798050697E+20,0.53420068537819660E+20,0.21271878305097773E+20,0.62271813733775821E+19,0.42827270120778173E+19,0.32766376380965504E+19,0.22248345952182710E+19
269,28.196666449308424,0.18941562914894848E+20,0.53251780367200543E+20,0.21147831436776759E+20,0.61627427974795694E+19,0.42647985573006085E+19,0.32528759215740524E+19,0.21836031029897411E+19
270,28.301110893487959,0.18866368518802043E+20,0.53064245251600261E+20,0.21032190622643085E+20,0.61086490024077988E+19,0.42482352859182505E+19,0.32337496087159368E+19,0.21531119532108672E+19
271,28.405555337667494,0.18786280712706568E+20,0.52857605103094841E+20,0.20924907287075836E+20,0.60648057382183731E+19,0.42330336943131034E+19,0.32192322654414925E+19,0.21332030095200412E+19
272,28.509999781847029,0.18701343275560952E+20,0.52631971961116074E+20,0.20825937177001853E+20,0.60311372776406006E+19,0.42191901972139489E+19,0.32093038189654497E+19,0.21237736478333443E+19
273,28.614444226026563,0.18611574883611111E+20,0.52387428249445958E+20,0.20735240338853994E+20,0.60075862783735757E+19,0.42067011307833841E+19,0.32039505360278436E+19,0.21247762103550669E+19
274,28.718888670206098,0.18516969220356674E+20,0.52124026908053275E+20,0.20652781098120655E+20,0.59941136791294935E+19,0.41955627545450383E+19,0.32031650056685087E+19,0.21362177533938470E+19
275,28.823333114385633,0.18417494975701092E+20,0.51841791400342249E+20,0.20578528041475162E+20,0.59906986292326431E+19,0.41857712521575296E+19,0.32069461265450921E+19,0.21581600876328067E+19
276,28.927777558565168,0.18313095734239121E+20,0.51540715595745673E+20,0.20512454001476186E+20,0.59973384516449546E+19,0.41773227310397184E+19,0.32152990987687173E+19,0.21907201110742876E+19
277,29.033333112796178,0.18208410202995579E+20,0.51176161261058056E+20,0.20447152538966065E+20,0.60146879078934098E+19,0.41654080968443556E+19,0.32427371305601915E+19,0.23163447392358682E+19
278,29.139999777078657,0.18119797342388187E+20,0.50832146100459356E+20,0.20341216776269361E+20,0.59996576045336371E+19,0.41378000848955771E+19,0.32385481212880722E+19,0.23716186195082629E+19
279,29.246666441361143,0.18042481454900031E+20,0.50552780496069902E+20,0.20202408846088614E+20,0.59519390605484380E+19,0.40991099146519921E+19,0.31884755468179482E+19,0.22754937073257492E+19
280,29.352221995592149,0.17973294581872124E+20,0.50361122422617104E+20,0.20048210577029198E+20,0.58745397299125647E+19,0.40636401475256929E+19,0.31259272958525824E+19,0.21266691186427213E+19
281,29.456666439771684,0.17896149618221308E+20,0.50174472319314960E+20,0.19919419064099316E+20,0.58098586845361644E+19,0.40437754954295598E+19,0.31008933934209485E+19,0.20857863744713784E+19
282,29.561110883951219,0.17814260478010792E+20,0.49969557446410371E+20,0.19798544773167030E+20,0.57549308647452109E+19,0.40252069587788380E+19,0.30802807372546299E+19,0.20551647931157212E+19
283,29.665555328130754,0.17727696837930605E+20,0.49746525069914309E+20,0.19685537156276322E+20,0.57096607390798397E+19,0.40079302743145068E+19,0.30640606868984520E+19,0.20346459976876462E+19
284,29.769999772310289,0.17636504228685314E+20,0.49505493985792557E+20,0.19580349737178636E+20,0.56739702278411315E+19,0.39919411048616678E+19,0.30522106634336620E+19,0.20241246109736266E+19
285,29.874444216489824,0.17540704263865694E+20,0.49246554785742676E+20,0.19482940087098868E+20,0.56477985611526574E+19,0.39772350422736835E+19,0.30447141239188424E+19,0.20235476954084608E+19
286,29.978888660669359,0.17440294762675847E+20,0.48969770003611886E+20,0.19393269802948112E+20,0.56311021687953428E+19,0.39638076092843361E+19,0.30415605401457546E+19,0.20329144733530993E+19
287,30.083333104848894,0.17335249767075105E+20,0.48675174143086141E+20,0.19311304487969165E+20,0.56238546016130898E+19,0.39516542602753106E+19,0.30427453817052431E+19,0.20522763261778460E+19
288,30.187777549028429,0.17225519453365481E+20,0.48362773586679276E+20,0.19237013734805651E+20,0.56260464843450788E+19,0.39407703809640356E+19,0.30482701033348541E+19,0.20817370721513298E+19
289,30.293333103259435,0.17115969723729637E+20,0.47986511735642817E+20,0.19161875367053312E+20,0.56381307644823122E+19,0.39246500038033162E+19,0.30692087574201395E+19,0.21968311234985434E+19
290,30.399999767541921,0.17022030906615421E+20,0.47625228805454225E+20,0.19047008579664974E+20,0.56197313587758090E+19,0.38921063417348204E+19,0.30580907404839849E+19,0.22430809512241316E+19
291,30.506666431824399,0.16938704648899799E+20,0.47324444275261145E+20,0.18901288919803458E+20,0.55707408526296238E+19,0.38494151666613473E+19,0.30040995813982730E+19,0.21465648383964078E+19
292,30.612221986055410,0.16862502933365451E+20,0.47109976936242389E+20,0.18742714984809267E+20,0.54941554168701512E+19,0.38117312870397932E+19,0.29409578999235185E+19,0.20028461913660600E+19
293,30.716666430234945,0.16778313839852456E+20,0.46904424331110973E+20,0.18609522638696178E+20,0.54296197470650982E+19,0.37904656624770504E+19,0.29153818337751148E+19,0.19631165160296428E+19
294,30.821110874414479,0.16689664865764579E+20,0.46681724339409560E+20,0.18483726046854537E+20,0.53741992583241687E+19,0.37704157721075640E+19,0.28939637886266742E+19,0.19330454959248832E+19
295,30.925555318594014,0.16596624414517094E+20,0.46442027214692557E+20,0.18365272840612200E+20,0.53277977518158807E+19,0.37515767806210222E+19,0.28766739121949778E+19,0.19124779667041715E+19
296,31.029999762773549,0.16499238193313407E+20,0.46185456449772274E+20,0.18254114454103314E+20,0.52903353264336896E+19,0.37339437851831096E+19,0.28634880482647183E+19,0.19013086209660797E+19
297,31.134444206953084,0.16397529443460973E+20,0.45912109044493869E+20,0.18150206098949063E+20,0.52617482335964088E+19,0.37175118182707180E+19,0.28543877085578998E+19,0.18994814490943567E+19
298,31.238888651132619,0.16291499070929871E+20,0.45622055661324321E+20,0.18053506741224561E+20,0.52419887616975380E+19,0.37022758494883881E+19,0.28493600486486661E+19,0.19069894436088177E+19
299,31.343333095312154,0.16181125677747276E+20,0.45315340669423886E+20,0.17963979080698452E+20,0.52310251499912284E+19,0.36882307863735547E+19,0.28483978479156864E+19,0.19238745654447212E+19
300,31.447777539491689,0.16066365494322821E+20,0.44991982077300548E+20,0.17881589532334406E+20,0.52288415317568072E+19,0.36753714741961385E+19,0.28514994935021763E+19,0.19502279719854121E+19
301,31.553333093722699,0.15952295810814396E+20,0.44604572851774611E+20,0.17796711186391570E+20,0.52356902589771407E+19,0.36557993263052539E+19,0.28667060015108178E+19,0.20544435732562337E+19
302,31.659999758005178,0.15853315347921371E+20,0.44226410565229052E+20,0.17673131135959366E+20,0.52140579357963325E+19,0.36192780841782318E+19,0.28499685607347410E+19,0.20923381344868204E+19
303,31.766666422287663,0.15764218796749421E+20,0.43904355522871476E+20,0.17520827437786298E+20,0.51640374812387379E+19,0.35734560413674132E+19,0.27935111698236093E+19,0.19972852598172959E+19
304,31.872221976518670,0.15681207486162436E+20,0.43666997217826750E+20,0.17358272104928733E+20,0.50886023001694484E+19,0.35341223416410061E+19,0.27308223830990909E+19,0.18604810286342264E+19
305,31.976666420698209,0.15590236644047471E+20,0.43442580587740553E+20,0.17220997100956494E+20,0.50244933819155497E+19,0.35117836274342774E+19,0.27051608213296906E+19,0.18224365225175306E+19
306,32.081110864877743,0.15495136778767684E+20,0.43202242207779127E+20,0.17090565013984973E+20,0.49688195135592428E+19,0.34905715466008796E+19,0.26833580698809175E+19,0.17933589208345748E+19
307,32.185555309057278,0.15395973906851600E+20,0.42946133622974661E+20,0.16966921781722268E+20,0.49214842561830769E+19,0.34704808042009882E+19,0.26653836772062433E+19,0.17730985242205233E+19
308,32.289999753236813,0.15292792997413089E+20,0.42674381553315955E+20,0.16850016858868240E+20,0.48824062391549061E+19,0.34515060434477230E+19,0.26512124739304596E+19,0.17615518904103877E+19
309,32.394444197416348,0.15185618200034816E+20,0.42387088159170953E+20,0.16739803190792589E+20,0.48515190123114680E+19,0.34336418484520730E+19,0.26408245428782341E+19,0.17586612854287677E+19
310,32.498888641595883,0.15074452980171725E+20,0.42084331202700878E+20,0.16636237189327317E+20,0.48287709255292488E+19,0.34168827460267827E+19,0.26342051928483379E+19,0.17644143791054723E+19
311,32.603333085775418,0.14959280162686241E+20,0.41766164105955418E+20,0.16539278710659099E+20,0.48141250354614630E+19,0.34012232065571374E+19,0.26313449361230449E+19,0.17788441832867279E+19
312,32.707777529954953,0.14840061883666899E+20,0.41432615905813455E+20,0.16448891035310115E+20,0.48075590392699105E+19,0.33866576439445842E+19,0.26322394696818294E+19,0.18020292324164844E+19
313,32.813333084185956,0.14722060342946034E+20,0.41035049954910487E+20,0.16354351449619395E+20,0.48091228565876879E+19,0.33640715229628001E+19,0.26421025572883011E+19,0.18949495371056742E+19
314,32.919999748468442,0.14618558314160241E+20,0.40640881102990877E+20,0.16222256558434417E+20,0.47843170755117793E+19,0.33241416936362701E+19,0.26204878818193505E+19,0.19247670537492091E+19
315,33.026666412750913,0.14524170375184384E+20,0.40298190054123135E+20,0.16063676713044742E+20,0.47334364521949972E+19,0.32757197519717130E+19,0.25624578553498214E+19,0.18323886892422761E+19
316,33.132221966981923,0.14434808183756145E+20,0.40038294170479444E+20,0.15897514813380766E+20,0.46594219447468032E+19,0.32350915183599242E+19,0.25009070841349453E+19,0.17037776965775212E+19
317,33.236666411161458,0.14337571795702442E+20,0.39795415298599215E+20,0.15756459129287029E+20,0.45959603523212088E+19,0.32118844873985521E+19,0.24754543759750569E+19,0.16677886391194304E+19
318,33.341110855340993,0.14236573213380973E+20,0.39537930454774473E+20,0.15621663180889686E+20,0.45402141902353403E+19,0.31897078291611075E+19,0.24535330243840819E+19,0.16400056219742541E+19
319,33.445555299520528,0.14131875393159229E+20,0.39265991167051153E+20,0.15493071324037433E+20,0.44920871002879007E+19,0.31685558567410755E+19,0.24351123642783457E+19,0.16202859487401940E+19
320,33.549999743700063,0.14023522049035743E+20,0.38979726252486754E+20,0.15370631129703965E+20,0.44514964922692572E+19,0.31484228267305769E+19,0.24201665606486774E+19,0.16085292252927014E+19
321,33.654444187879598,0.13911537875570784E+20,0.38679242077317145E+20,0.15254293356733350E+20,0.44183733939849298E+19,0.31293029418839593E+19,0.24086745771899069E+19,0.16046768275828280E+19
322,33.758888632059133,0.13795928686309724E+20,0.38364622722076410E+20,0.15144011926516732E+20,0.43926623262755999E+19,0.31111903529224776E+19,0.24006201483516733E+19,0.16087115927107259E+19
323,33.863333076238668,0.13676681468321913E+20,0.38035930052372283E+20,0.15039743899585450E+20,0.43743212028040489E+19,0.30940791594882739E+19,0.23959917547976750E+19,0.16206577316206042E+19
324,33.967777520418203,0.13553764353056887E+20,0.37693203695536087E+20,0.14941449454108156E+20,0.43633212544250378E+19,0.30779634102540692E+19,0.23947826022417869E+19,0.16405809629549898E+19
325,34.073333074649213,0.13432590443595516E+20,0.37286729923912393E+20,0.14837317923845839E+20,0.43595064140886011E+19,0.30526136431895352E+19,0.23994657891933594E+19,0.17217448925446382E+19
326,34.179999738931684,0.13325255160432855E+20,0.36877721621984109E+20,0.14696885449601313E+20,0.43315398078297364E+19,0.30096135347623926E+19,0.23733769887678239E+19,0.17435261392327869E+19
327,34.286666403214170,0.13226227643991276E+20,0.36515328141744443E+20,0.14532304652581915E+20,0.42799207987511439E+19,0.29589216013239823E+19,0.23143324758725478E+19,0.16546460248889697E+19
328,34.392221957445173,0.13131159361962609E+20,0.36233519007115018E+20,0.14362870432808876E+20,0.42075496470375281E+19,0.29172302893228319E+19,0.22543869553042276E+19,0.15351891948388040E+19
329,34.496666401624708,0.13028362563297913E+20,0.35972804257217356E+20,0.14218300913693774E+20,0.41449115804160932E+19,0.28932867974225838E+19,0.22293394196821292E+19,0.15015283797478180E+19
330,34.601110845804243,0.12922201139483193E+20,0.35698876491143258E+20,0.14079378446201145E+20,0.40892313596788465E+19,0.28702712047416156E+19,0.22074720973631127E+19,0.14752553475318047E+19
331,34.705555289983778,0.12812734590402718E+20,0.35411886129200538E+20,0.13946045895099226E+20,0.40404129508307625E+19,0.28481774740698035E+19,0.21887543580824325E+19,0.14562355102402788E+19
332,34.809999734163313,0.12700005110177487E+20,0.35111963144490111E+20,0.13818249023033627E+20,0.39983727193497585E+19,0.28269995169492193E+19,0.21731599173720512E+19,0.14443723317684915E+19
333,34.914444178342848,0.12584037803453370E+20,0.34799217315791544E+20,0.13695936462396418E+20,0.39630392783700541E+19,0.28067311962607176E+19,0.21606668040578102E+19,0.14396068165552809E+19
334,35.018888622522383,0.12464840825738117E+20,0.34473738395019940E+20,0.13579059688933759E+20,0.39343533593466153E+19,0.27873663280379919E+19,0.21512573308322895E+19,0.14419171989476132E+19
335,35.123333066701917,0.12342405448415320E+20,0.34135596189962502E+20,0.13467572997076148E+20,0.39122677049629988E+19,0.27688986825175501E+19,0.21449180678882842E+19,0.14513188315694308E+19
336,35.227777510881452,0.12216706048685105E+20,0.33784840562568606E+20,0.13361433476978381E+20,0.38967469840860232E+19,0.27513219844314880E+19,0.21416398195809103E+19,0.14678642721023237E+19
337,35.333333065112456,0.12093266142305206E+20,0.33370850779375137E+20,0.13247746653003665E+20,0.38874242162784010E+19,0.27233481964880384E+19,0.21411684988666015E+19,0.15367741429876846E+19
338,35.439999729394941,0.11982932024483848E+20,0.32948336236371407E+20,0.13099098514424097E+20,0.38562686180218004E+19,0.26774810740724736E+19,0.21107989164088576E+19,0.15504024764259991E+19
339,35.546666393677413,0.11880068788285059E+20,0.32567345770922856E+20,0.12928716908666061E+20,0.38039880825148324E+19,0.26247328511360384E+19,0.20510886504703918E+19,0.14655986669955003E+19
340,35.652221947908423,0.11780104751989180E+20,0.32264406061403558E+20,0.12756258736564171E+20,0.37334355597570570E+19,0.25821397133531576E+19,0.19930782495269637E+19,0.13560594210266806E+19
341,35.756666392087958,0.11672623758871222E+20,0.31986610691929661E+20,0.12608366637719056E+20,0.36717522913496422E+19,0.25575503364272563E+19,0.19685701186414630E+19,0.13249381559365496E+19
342,35.861110836267493,0.11562204727498486E+20,0.31697062493052465E+20,0.12465479944524769E+20,0.36162319747321119E+19,0.25337807691591716E+19,0.19468699545303191E+19,0.13003353791650176E+19
343,35.965555280447028,0.11448903498824591E+20,0.31395909803137020E+20,0.12327540083852982E+20,0.35667790655776973E+19,0.25108246522276849E+19,0.19279473220435187E+19,0.12821254385151112E+19
344,36.069999724626562,0.11332760663120710E+20,0.31083282910578958E+20,0.12194491048289800E+20,0.35233089833290890E+19,0.24886755803998792E+19,0.19117756187997624E+19,0.12702162195255572E+19
345,36.174444168806097,0.11213801768486654E+20,0.30759294297957478E+20,0.12066279367166208E+20,0.34857479577213128E+19,0.24673271050450545E+19,0.18983320417053135E+19,0.12645486580601421E+19
346,36.278888612985632,0.11092037462490122E+20,0.30424038810967298E+20,0.11942854079124343E+20,0.34540328951470884E+19,0.24467727359667005E+19,0.18875975561839775E+19,0.12650964295614620E+19
347,36.383333057165167,0.10967463567564446E+20,0.30077593752838509E+20,0.11824166706203711E+20,0.34281112646192497E+19,0.24270059425612334E+19,0.18795568681007585E+19,0.12718658133064993E+19
348,36.487777501344702,0.10840061090462437E+20,0.29720018904573374E+20,0.11710171229433008E+20,0.34079410031207890E+19,0.24080201543108721E+19,0.18741983983471429E+19,0.12848957309422940E+19
349,36.593333055575712,0.10715416600482812E+20,0.29299963835934585E+20,0.11586884256105785E+20,0.33929376163177999E+19,0.23775001763880202E+19,0.18685053214917601E+19,0.13410054081778153E+19
350,36.699999719858184,0.10603073181411193E+20,0.28865347394859135E+20,0.11430024788556145E+20,0.33585147005317647E+19,0.23288987390551951E+19,0.18339047978672177E+19,0.13462290427970655E+19
351,36.806666384140669,0.10497340356842803E+20,0.28466941416315793E+20,0.11253897303474784E+20,0.33055942343173422E+19,0.22742530787089641E+19,0.17737311677555635E+19,0.12658948416676426E+19
352,36.912221938371673,0.10393468443056499E+20,0.28143725798653235E+20,0.11078507436000877E+20,0.32369774923827220E+19,0.22308913753962734E+19,0.17178874608445806E+19,0.11668977946922061E+19
353,37.016666382551207,0.10282365869259682E+20,0.27849660180795265E+20,0.10927345602967749E+20,0.31763240834252006E+19,0.22057304217733164E+19,0.16940079417643571E+19,0.11384819479449631E+19
354,37.121110826730742,0.10168781885902232E+20,0.27545361152049500E+20,0.10780518552318163E+20,0.31210010940750495E+19,0.21812760048376433E+19,0.16725442897308370E+19,0.11156664871372902E+19
355,37.225555270910277,0.10052768640432282E+20,0.27230974058138468E+20,0.10637966261065843E+20,0.30709135374739794E+19,0.21575214686109855E+19,0.16534663586417613E+19,0.10983353042018766E+19
356,37.329999715089812,0.99343651990852772E+19,0.26906628718746661E+20,0.10499630925019800E+20,0.30259758868608886E+19,0.21344601168077804E+19,0.16367472950866007E+19,0.10864010614689482E+19
357,37.434444159269347,0.98135977469568532E+19,0.26572439661971255E+20,0.10365456928982665E+20,0.29861119204351457E+19,0.21120852152861394E+19,0.16223635039563681E+19,0.10798047300374185E+19
358,37.538888603448882,0.96904797307879383E+19,0.26228506294325117E+20,0.10235390818273206E+20,0.29512545832990254E+19,0.20903899939118019E+19,0.16102946163825206E+19,0.10785152794640662E+19
359,37.643333047628417,0.95650119450937119E+19,0.25874913007003427E+20,0.10109381271556145E+20,0.29213458662257403E+19,0.20693676478440486E+19,0.16005234599853089E+19,0.10825295171109004E+19
360,37.747777491807952,0.94371825619828695E+19,0.25511729218796671E+20,0.99873790749647524E+19,0.28963367010304389E+19,0.20490113382514181E+19,0.15930360313994122E+19,0.10918720762954733E+19
361,37.853333046038955,0.93125854051487048E+19,0.25087051103014478E+20,0.98542888542516367E+19,0.28754160161629112E+19,0.20160014289237670E+19,0.15819759109609702E+19,0.11345391449694028E+19
362,37.959999710321441,0.91994125754220093E+19,0.24641729843828867E+20,0.96890099006803108E+19,0.28375767220340997E+19,0.19647878841612541E+19,0.15430676478966070E+19,0.11309197723770470E+19
363,38.066666374603912,0.90919752136265114E+19,0.24227084506942984E+20,0.95069415824201564E+19,0.27839630511136640E+19,0.19084135943039293E+19,0.14824975459125693E+19,0.10552382092358559E+19
364,38.172221928834922,0.89854007088468490E+19,0.23884444351806874E+20,0.93284530857641431E+19,0.27173234139809347E+19,0.18644389744641372E+19,0.14289563517694874E+19,0.96726861635111603E+18
365,38.276666373014457,0.88719702141521275E+19,0.23574909825022136E+20,0.91738436058254817E+19,0.26577003725545283E+19,0.18387945515907000E+19,0.14057496640990789E+19,0.94167357775269274E+18
366,38.381110817193992,0.87565490085749617E+19,0.23256714457948176E+20,0.90228683276008172E+19,0.26025359346865290E+19,0.18137386592020204E+19,0.13845469778872484E+19,0.92070936873369638E+18
367,38.485555261373527,0.86391857126287237E+19,0.22929999756118163E+20,0.88754656595573975E+19,0.25517356092823470E+19,0.17892643809115231E+19,0.13653184588741975E+19,0.90426976180484685E+18
368,38.589999705553062,0.85199181559458417E+19,0.22594894354162729E+20,0.87315758669409628E+19,0.25052127904764877E+19,0.17653647661886546E+19,0.13480369986542152E+19,0.89227226360086349E+18
369,38.694444149732597,0.83987735688860774E+19,0.22251514240241095E+20,0.85911410410982820E+19,0.24628886005971825E+19,0.17420328327696932E+19,0.13326781793574915E+19,0.88465767939793869E+18
370,38.798888593912132,0.82757687269788068E+19,0.21899962927403520E+20,0.84541050699023217E+19,0.24246917473156664E+19,0.17192615685810985E+19,0.13192202402637524E+19,0.88138980216598618E+18
371,38.903333038091667,0.81509100488337592E+19,0.21540331572597473E+20,0.83204136092629176E+19,0.23905583947177103E+19,0.16970439331847030E+19,0.13076440463259602E+19,0.88245522449281894E+18
372,39.007777482271202,0.80241936479212524E+19,0.21172699043763188E+20,0.81900140557071852E+19,0.23604320480606367E+19,0.16753728587531146E+19,0.12979330585719959E+19,0.88786327237798950E+18
373,39.113333036502212,0.79011534335890729E+19,0.20744776768049316E+20,0.80466450784615199E+19,0.23332623405528346E+19,0.16399589730472061E+19,0.12812624669676698E+19,0.91621275108778995E+18
374,39.219999700784683,0.77885873694356972E+19,0.20290073812831322E+20,0.78723855140464742E+19,0.22917580302005693E+19,0.15863305472996989E+19,0.12377991751881736E+19,0.90292055337811981E+18
375,39.326666365067169,0.76808771797982802E+19,0.19860287912787915E+20,0.76837771323062538E+19,0.22372978755557873E+19,0.15285070351284575E+19,0.11767053603526385E+19,0.83167850326697242E+18
376,39.432221919298172,0.75730956571493478E+19,0.19499002126812361E+20,0.75016121519295785E+19,0.21725806009801001E+19,0.14841812876769603E+19,0.11254571000095320E+19,0.75498116627490368E+18
377,39.536666363477707,0.74589428827968758E+19,0.19174733906114404E+20,0.73430102619486228E+19,0.21138926276352417E+19,0.14582055321691343E+19,0.11028975837077198E+19,0.73222781911631270E+18
378,39.641110807657242,0.73433330845693716E+19,0.18843428182591357E+20,0.71873094760967424E+19,0.20587487176438610E+19,0.14326962955277714E+19,0.10819089940646130E+19,0.71307227303043584E+18
379,39.745555251836777,0.72263118607574436E+19,0.18505221939988513E+20,0.70344463466731325E+19,0.20070546484708884E+19,0.14076464704810995E+19,0.10624617153165574E+19,0.69741796648259610E+18
380,39.849999696016312,0.71079164562401505E+19,0.18160242103706909E+20,0.68843589044700631E+19,0.19587224302176788E+19,0.13830489228747282E+19,0.10445282626342029E+19,0.68518669970224858E+18
381,39.954444140195847,0.69881759469019986E+19,0.17808605756291142E+20,0.67369866270940027E+19,0.19136701461394432E+19,0.13588964940903352E+19,0.10280832457246310E+19,0.67631822242109414E+18
382,40.058888584375381,0.68671113876771430E+19,0.17450420311983362E+20,0.65922704081571267E+19,0.18718218043090173E+19,0.13351820030817280E+19,0.10131033339581085E+19,0.67076991754726810E+18
383,40.163333028554916,0.67447359248679741E+19,0.17085783651069362E+20,0.64501525273216031E+19,0.18331072001545039E+19,0.13118982480379968E+19,0.99956722299582477E+18,0.66851657908427174E+18
384,40.267777472734451,0.66210548732055132E+19,0.16714784214537261E+20,0.63105766211798446E+19,0.17974617896183552E+19,0.12890380076827059E+19,0.98745560288706330E+18,0.66955028311000269E+18
385,40.373333026965454,0.65014585616328161E+19,0.16284906670239136E+20,0.61560112609200835E+19,0.17635780728121080E+19,0.12514247781845670E+19,0.96475133299594931E+18,0.68209835928612237E+18
386,40.479999691247940,0.63913084546368901E+19,0.15822033301012144E+20,0.59716475490712771E+19,0.17180288259435860E+19,0.11958072360508659E+19,0.91615872064309696E+18,0.65730625051994394E+18
387,40.586666355530411,0.62851430743155651E+19,0.15378082157489721E+20,0.57752646669600133E+19,0.16624457436956324E+19,0.11371092760665907E+19,0.85402804754326605E+18,0.58930310661674662E+18
388,40.692221909761422,0.61780680327159695E+19,0.14998808512764287E+20,0.55882067347847711E+19,0.15994867060398843E+19,0.10929563770602516E+19,0.80476583904534323E+18,0.52353332960089818E+18
389,40.796666353940957,0.60652542168206387E+19,0.14660442558407055E+20,0.54244964618174833E+19,0.15415275917337554E+19,0.10669592635723743E+19,0.78268361568356966E+18,0.50340496087939955E+18
390,40.901110798120492,0.59515795309707377E+19,0.14316720724149789E+20,0.52629166143021578E+19,0.14861495423693583E+19,0.10413041151050074E+19,0.76171375128446118E+18,0.48574248537531731E+18
391,41.005555242300026,0.58370877800847380E+19,0.13967775326754161E+20,0.51034013371487058E+19,0.14332581889761091E+19,0.10159837772824325E+19,0.74182651582854938E+18,0.47045736994630586E+18
392,41.109999686479561,0.57218170748227768E+19,0.13613731674912236E+20,0.49458858566369516E+19,0.13827636542208980E+19,0.99099107823558733E+18,0.72299368352616550E+18,0.45747353798903808E+18
393,41.214444130659096,0.56058000133633382E+19,0.13254708280487887E+20,0.47903064474761482E+19,0.13345803895759483E+19,0.96631883112217894E+18,0.70518849495041280E+18,0.44672696883204678E+18
394,41.318888574838631,0.54890638386615552E+19,0.12890817042160837E+20,0.46366004004892959E+19,0.12886270204306808E+19,0.94195983637543795E+18,0.68838562029361190E+18,0.43816536154633965E+18
395,41.423333019018166,0.53716305718761984E+19,0.12522163402243975E+20,0.44847059909035725E+19,0.12448261988631112E+19,0.91790688369171494E+18,0.67256112372258035E+18,0.43174786137616077E+18
396,41.527777463197701,0.52535171225327401E+19,0.12148846477307638E+20,0.43345624472289905E+19,0.12031044638003689E+19,0.89415275376657434E+18,0.65769242880307021E+18,0.42744484732888621E+18
397,41.633333017428711,0.51398603552801229E+19,0.11718280552426707E+20,0.41671848757504814E+19,0.11618728638798039E+19,0.85483253308260045E+18,0.62813800843620621E+18,0.42104900055614650E+18
398,41.739999681711183,0.50345330659817093E+19,0.11248401194468667E+20,0.39707125133453389E+19,0.11117473972620449E+19,0.79817055828615296E+18,0.57311847395631130E+18,0.38020399631742682E+18
399,41.846666345993668,0.49323446078545019E+19,0.10791190067703458E+20,0.37643316709168302E+19,0.10546397829555628E+19,0.73981631566901696E+18,0.50857971368495398E+18,0.31152302462116621E+18
400,41.952221900224671,0.48285510396878182E+19,0.10394502250878988E+20,0.35701744524523382E+19,0.99318249847000448E+18,0.69691516504266304E+18,0.46033494015254368E+18,0.25469873411932096E+18
401,42.056666344404206,0.47198729875575992E+19,0.10042635104118608E+20,0.33993532962182159E+19,0.93564896825300966E+18,0.67154069172989824E+18,0.43823838415632691E+18,0.23631756369282038E+18
402,42.161110788583741,0.46110385167473193E+19,0.96871878026151506E+19,0.32298453151473280E+19,0.87967679852903296E+18,0.64638413301877747E+18,0.41675986072429082E+18,0.21907199816346710E+18
403,42.265555232763276,0.45020926489103104E+19,0.93282895078409789E+19,0.30615812833432940E+19,0.82517090714070093E+18,0.62143858053644915E+18,0.39586867670118150E+18,0.20287590565427872E+18
404,42.369999676942811,0.43930777968566349E+19,0.89660658889930230E+19,0.28944926352944696E+19,0.77203885909929587E+18,0.59669712187055808E+18,0.37553497764247482E+18,0.18764861920063808E+18
405,42.474444121122346,0.42840339571978926E+19,0.86006393447558533E+19,0.27285114311830687E+19,0.72019069921249075E+18,0.57215284336309261E+18,0.35572970769529133E+18,0.17331451194792246E+18
406,42.578888565301881,0.41749988924779500E+19,0.82321292132536279E+19,0.25635703225529344E+19,0.66953878926165901E+18,0.54779883275234176E+18,0.33642457025877165E+18,0.15980259922207027E+18
407,42.683333009481416,0.40660083035956736E+19,0.78606519710966671E+19,0.23996025183157663E+19,0.61999764942969754E+18,0.52362818167382797E+18,0.31759198940169901E+18,0.14704616534404131E+18
408,42.787777453660951,0.39570959932778317E+19,0.74863214223737528E+19,0.22365417510760940E+19,0.57148380368813978E+18,0.49963398803075962E+18,0.29920507201371872E+18,0.13498241319203560E+18
